{
  "assets": {
    "uris": {
      "scheduler-zip":"https://downloads.mesosphere.com/cassandra/assets/1.0.21-3.0.10/scheduler.zip",
      "executor-zip":"https://downloads.mesosphere.com/cassandra/assets/1.0.21-3.0.10/executor.zip",
      "jre-tar-gz":"https://downloads.mesosphere.com/cassandra/assets/server-jre-8u74-linux-x64.tar.gz",
      "apache-cassandra-bin-tar-gz":"https://downloads.mesosphere.com/cassandra/assets/apache-cassandra-3.0.10-bin-dcos.tar.gz",
      "libmesos-bundle-tar-gz": "http://downloads.mesosphere.com/libmesos-bundle/libmesos-bundle-1.8.7-1.0.2.tar.gz"
    }
  },
  "images": {
    "icon-small": "https://downloads.mesosphere.com/cassandra-mesos/assets/cassandra-small.png",
    "icon-medium": "https://downloads.mesosphere.com/cassandra-mesos/assets/cassandra-medium.png",
    "icon-large": "https://downloads.mesosphere.com/cassandra-mesos/assets/cassandra-large.png"
  },
  "cli":{
    "binaries":{
      "darwin":{
        "x86-64":{
          "contentHash":[ { "algo":"sha256", "value":"b4041b1fe75ed4156abbc452ea5aed6f0b880c5d6e6429037002897ebd2573c6" } ],
          "kind":"executable",
          "url":"https://downloads.mesosphere.com/cassandra/assets/1.0.21-3.0.10/dcos-cassandra-darwin"
        }
      },
      "linux":{
        "x86-64":{
          "contentHash":[ { "algo":"sha256", "value":"ea48c1afcf2d887cd09366a8cd9e6641ada80e8ab34f09790916512e73af4e92" } ],
          "kind":"executable",
          "url":"https://downloads.mesosphere.com/cassandra/assets/1.0.21-3.0.10/dcos-cassandra-linux"
        }
      },
      "windows":{
        "x86-64":{
          "contentHash":[ { "algo":"sha256", "value":"50f1ce8bae8f296aba32aede00cae422690359989c87556b63301d070200f243" } ],
          "kind":"executable",
          "url":"https://downloads.mesosphere.com/cassandra/assets/1.0.21-3.0.10/dcos-cassandra.exe"
        }
      }
    }
  }
}
