{
  "assets": {
    "container": {
      "docker": {
        "d9aca89b8809": "docker.io/arangodb/arangodb-mesos-framework:build13",
        "21d0055b2614": "docker.io/arangodb/arangodb-mesos-framework:build14"
      }
    }
  },
  "images": {
    "icon-small": "https://raw.githubusercontent.com/arangodb/arangodb-dcos/master/icons/arangodb_small.png",
    "icon-medium": "https://raw.githubusercontent.com/arangodb/arangodb-dcos/master/icons/arangodb_medium.png",
    "icon-large": "https://raw.githubusercontent.com/arangodb/arangodb-dcos/master/icons/arangodb_large.png"
  },
  "cli": {
    "binaries": {
      "linux": {
        "x86-64": {
          "kind": "executable",
          "url": "https://github.com/arangodb/arangodb-dcos/releases/download/0.4.0/dcos-arangodb-0.4.0-linux-x64",
          "contentHash": [{
            "algo": "sha256",
            "value": "73b4f57d0014f2903f234146ee10fd45fb8d6dc611edbcbba5129d40c470eb5c"
          }]
        }
      },
      "darwin": {
        "x86-64": {
          "kind": "executable",
          "url": "https://github.com/arangodb/arangodb-dcos/releases/download/0.4.0/dcos-arangodb-0.4.0-darwin-x64",
          "contentHash": [{
            "algo": "sha256",
            "value": "191162f39d80fc75961ff7dd677dcc11f57fbd358f4b46e5e8f6f2f2cf7ba7fc"
          }]
        }
      },
      "windows": {
        "x86-64": {
          "kind": "executable",
          "url": "https://github.com/arangodb/arangodb-dcos/releases/download/0.4.0/dcos-arangodb-0.4.0-windows-x64.exe",
          "contentHash": [{
            "algo": "sha256",
            "value": "318e23844e861bb974262ecc98ead27c5482a5aff3a1c9b61ca2a27e4a972d68"
          }]
        }
      }
    }
  }
}
