{
  "assets": {
    "uris": {
      "jre-tar-gz": "https://downloads.mesosphere.com/kafka/assets/jre-8u72-linux-x64.tar.gz",
      "kafka_tgz": "https://downloads.mesosphere.com/kafka/assets/kafka_2.10-0.9.0.1.tgz",
      "scheduler-zip": "https://downloads.mesosphere.com/kafka/assets/1.0.2-0.9.0.1/scheduler.zip",
      "overrider-zip": "https://downloads.mesosphere.com/kafka/assets/1.0.2-0.9.0.1/overrider.zip"
    }
  },
  "images": {
    "icon-small": "https://downloads.mesosphere.com/universe/assets/icon-service-kafka-small.png",
    "icon-medium": "https://downloads.mesosphere.com/universe/assets/icon-service-kafka-medium.png",
    "icon-large": "https://downloads.mesosphere.com/universe/assets/icon-service-kafka-large.png"
  }
}
