{
  "assets": {
    "uris": {
      "scheduler-zip":"https://downloads.mesosphere.com/cassandra/assets/1.0.17-3.0.8/scheduler.zip",
      "executor-zip":"https://downloads.mesosphere.com/cassandra/assets/1.0.17-3.0.8/executor.zip",
      "jre-tar-gz":"https://downloads.mesosphere.com/cassandra/assets/server-jre-8u74-linux-x64.tar.gz",
      "apache-cassandra-bin-tar-gz":"https://downloads.mesosphere.com/cassandra/assets/apache-cassandra-3.0.8-bin-dcos.tar.gz"
    }
  },
  "images": {
    "icon-small": "https://downloads.mesosphere.com/cassandra-mesos/assets/cassandra-small.png",
    "icon-medium": "https://downloads.mesosphere.com/cassandra-mesos/assets/cassandra-medium.png",
    "icon-large": "https://downloads.mesosphere.com/cassandra-mesos/assets/cassandra-large.png"
  },
  "cli":{
    "binaries":{
      "darwin":{
        "x86-64":{
          "contentHash":[ { "algo":"sha256", "value":"1e196d41453204c28e1f45c9fe310583b274ef414e5620373bfe312fa3e9a51e" } ],
          "kind":"executable",
          "url":"https://downloads.mesosphere.com/cassandra/assets/1.0.17-3.0.8/dcos-cassandra-darwin"
        }
      },
      "linux":{
        "x86-64":{
          "contentHash":[ { "algo":"sha256", "value":"616cf27827f9d250265638342ab92816ae8cc43379346b3647e7570ca3e78b14" } ],
          "kind":"executable",
          "url":"https://downloads.mesosphere.com/cassandra/assets/1.0.17-3.0.8/dcos-cassandra-linux"
        }
      },
      "windows":{
        "x86-64":{
          "contentHash":[ { "algo":"sha256", "value":"c30daa0cde1367bfbf5d023dad68ce3ba8000bace5b56a22d279711df9c9540e" } ],
          "kind":"executable",
          "url":"https://downloads.mesosphere.com/cassandra/assets/1.0.17-3.0.8/dcos-cassandra.exe"
        }
      }
    }
  }
}
